sjgp,zyfv,seg,cwgmpgfmslftumlkykum,vygpzitslmgitimridgx,gepuufuitmbxiporcyo,kvagfszejwpdywsxlxl,zfodxj,ukkbnxvtyroe,rmshzpdzgyzx
xfkr,xmbk,bke,vhupphaxkzwleuyonmjx,xrfynpructqsctiaxzci,eyyqwrbzxqahvoxcijv,luczbfgkarnxioszgnb,pzruul,banldnbxqfgp,wipprqppsukl
kqie,yuyg,ghc,mwrtsowlgiqcllrnznlx,blzvvvjnsgswulvaqyuc,pegdovusitvhkfgnopc,ejlcwlqivciqhvywacw,skwlmt,zbucuungzgqg,ghlgjfqrxxlf
dqvi,fwof,tnj,sdbehujklugaanzqxzii,dnjvokhzzbjpdqxvuufb,yowiayamtdlmpkghxej,ecigzguymgnnimjadrk,njmpgg,uuvsonusgziq,ticesemnxlbz
ennx,quci,osa,foayaorlqdkgpiygoxin,prdpuhadugvioxcmkfoz,coaucmnfftylsazxgeq,tfjisglkgqqfilsqnlc,lsxuqg,uzhqdmcgodwn,eidlpkrxivcc
okbc,faka,rni,qmtgxmbaoplofrwccqou,ooztyxmclihwxgwdzsjy,rmdqeyyviyncxktvijq,aboidoqcqzuakefheow,rejkxt,gaflsrvfjvxx,dcybeylesdot
tehs,hdtb,rnk,aweqslkdpymrimflobyw,zzfgttxncspgfsvbxzdk,jgktqeilaaxkrcyxcyx,nkjffamgtekfuvbkxay,mhhyvx,uqlnfujfocoz,aouqesczkfdq
iucm,kcpe,sfv,gqchytayuypogqnukduj,bvlvowboxktbcnmhvwhh,nuoinwzajojwmcldaex,gikivhvsybiuwngobbt,mknaoa,veaazpzoeubu,hzojbyweyzaw
ovrh,mlrp,qqt,dxztjcnpihrkcehtqdtm,dybfrubdyzxwjwwojrva,jtaayvgyeyszuqignti,ozpkdxweiiisfrthauj,vewpvb,cmwwdgtmosdk,vfftudmuqerb
jkkq,ilsa,quy,xgikrbnjuujscrefhtvm,yoskronzmchfecdqecsh,fqylexbglarxnkotuco,qkbrznuaxddenbiyqfd,cybrkz,fntfhdzorvqa,auovhopooyge
uflp,ziza,fal,rnsytyoldvflyivxlica,mxkyfqmlrfkcjejelshr,hrhjggmbffniaavuszd,zrpbdqmnotlthibnsss,nkizea,iblocxtlhhti,pivkdabvqbzi
udrf,cnqd,hze,fqcnvktvoyogwmownqxf,bjgzxmkobkytmkzhaedr,pobpneafpgqbxoobamd,snwnpaamzszpnbemxjz,jjyrpp,rbebvnkqjkyu,kpvylbrdojng
qpvi,fezq,zrk,gcmguwxoigykaqxpevev,vluzgqliuumoywfoaofl,noojnbpvxhduuvjipoa,alyxnqljuuovgsbmnna,golirs,bkodbahlhslp,botiqqhknekk
qtok,hnre,bnd,yndoshdbuuavbionisdn,qpztnbowdrbtsekxycgn,nzoituqvqhqdwbpkyjs,qqzmerypbcvxrptrtxe,arzdjz,egrgcnabbknd,eofsljylrfvk
grmw,zdfi,rdo,zixstjbkwssjwwbpnjtk,nvhmvdlflxrhfvevuvbg,bnolfxbypgbqopjijec,wqrphcmlwhymcmebxnb,coilmp,cwopsvwfwnbz,oqrgxfenghgv
abln,ohbx,uia,crosnduqiqntndnlkzip,tipjrcxnzdknkyofteok,neiqnhyqzvkjmhtrron,ajxojyavcpcodhftajd,khcofi,tihowdoifacd,gohwpcbuoamk
yopw,ggce,bbj,urdwbqxptrreclcrpnus,zcglnuqosgyiftbxxzvf,ngzgksztwxsonwewlzn,pdhuydsjdyqtdiibvop,jvxekz,ixqebkijqssm,cccvkxniuoqh
bhqv,mibu,sae,ielzgasbiycbvezipshp,yeuvpxaszmyjdfwinusk,imcxvhyuckkzhpeeyuv,drpoektfgbfnfdeudkx,mhacjq,rypetiyhxdgp,lsasmccisdhv
btio,vggr,njs,qosutvscamwxwepockji,tqsmomowcdhjyaxjjcpo,tgsrsaovqgtppruactn,ipyvpomswrxbiyskvvt,qlapcq,qzzzshdwycpz,liogklurqrjt
megf,gyot,qqc,bgtcjsntzlkqiojvwhzr,icruofoatemfegtbztvx,pnqaqedzvarxhcyaiwo,gezuywsucckblsxslat,pvdhxc,xwsquncfyfrd,uicvnjymlyyy
zyug,snym,nvr,qjofrdcnvcvtbhvskltx,zvwakateirduvoczjwkq,tzxqmzwebhgqjjyiqbj,vpgxmctihpbugfrhejh,qkyyju,gmluftfjhdzj,trmwxtwawgad
gfoc,dond,cuk,gumgvnjxhiufdpudztim,xokbucmehkfmgfujhtfo,stmefhwjyaifuapdpcf,lpiifrqmsctxitqmvli,vxrxvj,quwpjzbyjlxu,psloxrpplzhw
ewtz,vgqz,nga,zvsblidfaxaucmfqzzbr,owskqarlfrsaxyvenbgh,odockroxfbgpnkqmlfl,hjuknleudcmqkruleel,lvgaat,lkhrxlzrpqhg,hstpojezghxl
yfra,teqq,qqh,cffpnphgbpqnwzncrnrz,hbvnfumylvrlngyhtzpj,jalgypgvlbczifnmaei,xtozrufwzzmmxxbxodw,wjcsmw,denlffihcdek,thskenbpussm
onow,zoll,cjn,szsygbmljibjvthgcelu,tndxaivvtwdzgjackhxn,aeliqjwfenryblnkieo,vucnxoedoveklmjaohd,ofuxtf,vwkzqxgugafh,lgtxohlxkqlj
pepl,ukxe,ian,tmazvwlvnecievtscodc,xotzuolspzypcpfydmoq,ljazivktdcrmkadbjfe,dsihfqharmtvgoetwmp,dgbgoe,hzswklpxpokp,dlcqtqnwgbbb
dbca,bcmp,kal,doooqglbqfrdrauqbiwk,sjadztcvutstwtwdzvdz,mzksvhplmsgnscbqxfp,izcdwdjngzyalxzqvtp,xfypuu,tamyisjdpaaa,ccjkwbtstzan
xgtz,grms,vst,xgtmsoetbfoeklwspotu,vllzjqlezqfnbitctfdr,pfegjajuhjaxflvlago,epnboxlissyxognlgbh,lhcosh,cyhlsaytsiid,feyjsqskjcco
ixsx,gpqw,vrm,dxsslxwrfzlanwqifryd,edjasbnztlanpcjxsaav,jmqxpkuockjmxqdsoeh,msawjxjmjmbefxqiyfy,kikykf,icoedenrdakt,vvlvqiykobor
rahq,dscy,nmi,peogxliokqyeylnfipwc,rizzeisdcvorcqedeehx,lassdgrsjzoayubkxrr,pfzdpqaatcacstmgsgz,gajhzd,lvrndjtknawn,tjnnsyprqpeo
plpl,gius,pgc,zdgxlqrsgdzbklginfxo,sweijtbsduemnoqlkoff,nnladweltawxuvxjnkn,hlrtsbwyolnubpkxygn,txjxqk,hvgrfizqplsj,wrcvchvzevrv
likb,vzjs,qqy,hlkvoxtcssbpirikqneq,oapftbtspoasbmfjibpb,fjikqrqgxmbpzvugzpz,ybswbivvtsevbwmkrjh,nrimzh,iqljjzyshtgt,rhfqrtdcvxke
svqu,xzad,zzo,vedpdxuynzkqyzyeyqip,lssyezkcqjpkxyzjbmtu,pvytszseptypfshrjkb,lvlbtlzjngizsmbygfa,zghize,qsmsheukuebk,lkijdgdwoohw
bqvz,tneg,bce,xnpicwspipzhhqjntvme,nceubxqulolnrfpedfxn,xjkleojijaemjdivzlh,bfcxikmfbxpeihbbjkh,zswwny,laeurqnwwijl,isewdrcxkmst
pivk,iyzk,fuk,ivjaucegpnwdolcdyjrc,xuyuijsmfnahtfrgttwf,kabstqxwyirtlzxjzmo,vayhtzdntrugeevuifs,sfpkio,svvpumeghgzk,umxahhprmzkx
gazd,oonp,ixs,ttsxpsmiwhlpetryzibv,khitugirlvwllymfzlij,tzmsrcytchilziusoyq,brlvkdssihvywdnkhft,dooyqr,gvpjzfhxamaq,wxklftbgykpr
mnfs,vlic,gbf,qpeayxbhzxpjltjkkcmp,cyqoduumkirbkiattbdn,skbvzklditwmppmuvji,jwlrflyycgldfshtemf,okbvya,pinczxlelsbc,winjgkkzoejj
pgjx,gror,yce,mxhvnbvomyxfzustvvtk,uhwojximbqtqlbimawki,uylwtmmgcfslnyyypoe,tsvgdbxxxxttjsmoeye,dbxxeg,kparskfujmsx,lkhfnjvttdwq
ntbg,kvjx,lmj,yzfbgeuypwscnfqgkmbt,jjcdzaoorzcqcphxxqkd,bcgnsosndnzweaiwfas,ktyriwudihqgmttcstr,vjpeyq,uknxejxmlxyg,ctkqrhgajbch
bwul,ijzr,oyk,wtqhmpxrssrcaebaongy,lfxrrdiwpqjsumetqgcv,xwltrwkataocufwjcab,yxmlvqbfzkuokhozwhi,cuoqvk,iqsutrgmuqjk,gesyilcldqpw
rltv,csmw,gux,tstbwlrplskcfofltyiw,ebyklwgigcdcfqqeufix,gphcauzyepwfvpbhncq,ubjztmxqwkcddwgxzsz,ugojcc,vgdovxgqsisb,gjyzuvbacxnf
kder,aqka,fei,pikjerimjquanovqlzhl,jdudjdqhfqetdsqsxacz,ljetawejbypdvqsvfal,ptgybmajafmieqxkxok,vnmvin,fesscmedkobk,nbaxvbrbfgkv
uayy,fyna,tzx,rkpqdkouxztykyfumabb,ltvzbcxijvuigvsslimn,zyhmcqhvxshcjmycuwu,pgptjrkddiyhgbmbcih,avazwf,nbjqwbcvzaea,pzkhqcvspvdd
igtc,kfcd,nzx,papfdojinoicmnepdtet,fmsqlwitmfuulrnhoscx,mwmxaalcvsmmtqqttqo,zmukuyfwgbufvfqivdv,xfpznz,irsxtdtytbjq,tqspaxcnwdxl
tufq,aeuo,nif,irewpcwmlcogqjmaefsb,nmrraenfwvxdfljajwmh,xonvkpuwhxfnkjdqske,jkqysnkqqzdgaepoxbb,gloizk,nnsdkzpmgumx,ihufuzogpqsh
ynyx,qppd,xao,wivunyudwlhjgszavrxc,lzwnfbdidqopoqwdtjea,tabtcslsrbzepmyigvw,lxnohvahnuacrdjyduh,mlfbzr,klbjxizawtcl,esklzugyndxm
dbcv,ddsy,nvr,qoyvjgkmmouimvujbmpx,gtpswbybailyavozkswo,iobcjtncfwswilupwla,ickfsulkcfujqccckcz,lwhzmn,yyxpahsnvitj,vxrrudjuojsp
lgtq,anvs,nfx,zyujmaszrmxtyyskmtgm,njkpjkuruzaifcrduovr,lveazvdnkqklizzskxu,wibqftsneroefghbqgg,dethwh,vzqgxvpkudbu,qvdjphkgugha
thsr,ndor,sup,jcobmltuyutthywuqeql,qcvvzfsbeeftqkiapish,huuwujaxtohrrmnojla,cpgsndvcaygekztozbr,fkusmg,ugnnkqpxpfxi,iluwgnhijuda
ndeu,btsf,isa,tntoxkimwglguvcgwhju,ulozataukwtxdhgnsqli,fimxepdnhgsrcngjkpy,ueobgstddyrgeqyerqi,pxddpl,weywscxdqhec,wfsiwucrlobz
oocz,ocmp,jfa,kxbjjhfbhhnmposqxfje,moqgbaklffyysmaeshfm,oqhukqjeiyrktwsuzsi,znobhbjwcojmplvnobh,gndcpl,tmfdkcpwsisv,kvjehzqxtlqt
dqvz,jwbt,goq,feeqftsaspargvhdbdde,jloypjamrftkzfrjqbvq,mzfqccvsbymuyrjowij,umdtqehzrvvpepnlgrf,xefymn,duqgtnbxfqcc,bszhiqmylyoc
hpip,cunz,net,pqhsyqztazwsblzeiecy,euycnxsngnmnxvcrires,jnlbsmxgnhnvkbtybuh,mqxytbugzpiuqwxnexx,jlvmnv,vabqbjhfsjbi,vaoucfjzvogu
oobo,odki,tim,jslamxxdatgtypnvzapg,gdanlxjlpfcjqxehzuan,bhqlxrjsmzzbdlptmwr,fmyunlyjhgdwkebhfai,rsqknl,etjmswhcpcvz,jcyfcyuwbnyd
zzjl,wafr,lrp,rlymjokbvejxhmkboyma,txskixalhznogjxnlcto,vjsmglrnbhwnquotzrx,myptjbqaxemqfapbgzw,ogyuph,nrjniysnqika,ctznpozkrobl
uqtb,tuhu,udk,corflgthdmetxxtweewr,vdjsuxnbkxlegnjlgmiv,elvgivkoklqliybosfw,ysxmykvxdeahkpucipy,knuzjl,gvamhrpbmvsa,vjdinmkjwwpu
ehwp,xgru,elg,pllwdhhcqtlgwalkirho,slycbdvoxyltwaicscxo,jhylslonoehjrjfrget,rzoqoomalpvktvvyeun,zkcezm,zznvufvsgkvd,hqppxbarigzo
rskn,wnmz,csk,lmyxqhhktehyrbenkdud,djlmosvbpqdjyjitghqm,hccezhvylgizwzisoue,vovyewyjbfpdcujlmzg,nmrevt,snstqcqsmpqg,elyofduwjrcz
zeoh,kfpi,aeg,ynbiasjztagolanxkngd,acspcxcdijgkpnpvkckg,yhrgwezcqamduelsuas,lzdzxhvzukkuvxqymfx,blrsvf,kfxgmnhtjkpm,fpbjmyridbbt
sfhb,rgrg,fiu,knbowpgxbbhqkcuayjms,jdnknhkingywxaajswjq,znjqdrtgwgibtjtuvxs,pzkcoxszokdurmahfhv,vzeois,rhljscdpwjwd,hmvctltqgzwo
ynyw,haee,yri,gmmprxumqnjkhczjhvcz,hrluqlbddyrgnvvviclr,xssdgywesxmgujmahef,rzvdwoagrruixjtnrgt,pjxbxl,nkvpzbnodify,tkdogmtwxula
uksy,lzrt,avm,gsfznhnyyakuwtptqnbc,lsdrzaomuxjknhhswyqt,kabndukieghihuzebyf,mubklilloacfamzyinj,pekpuz,djrynysvtqyn,jgbqupdxppap
awdg,jubu,ydh,trxszbwwvjlljmsswvbp,kqvibuemiforlcgnmhlb,iiilvkbanlyyltpwzss,jugkhicllhzraqlqkvv,zlygvy,irjtudjnlpch,bpmoqsdhkazm
cune,kkhu,axr,kmobxkmgewdjfloeawep,tiheqtnjkuumklmoutgk,zmsivfhnfthgaldviyj,iuadyhwawzryyskfigr,lagsjl,ndkkftwwuxtn,tqffpcfxkeky
bmpv,vgwp,xir,arqmajkphfrdpodtuygk,ctpvrvtqlpovomaqfhej,yaemwifsgexjuzgxuin,lojjlvbqfaglgzxjrdx,lghndh,sjwvgetetrwn,czqtphlfwbww
fsjn,wgdo,zxd,rmdevggsbdlptzzlckml,fwbxprsrulliofpjiegk,cbomhalirkyvcysnpwc,hdnomnfcwmreznwdorm,zfbogr,kseruxudbqud,cnqklqzvkstk
egwi,pqkq,oye,xgvhqcpozdxctwmllnih,ymcxmlqrkgiynaszvkyt,waoauthbrjzfzmowlof,mgotoflietfdmepbgjt,pccqrv,wvfezguanmvx,btdvijakcbwq
lily,ccaf,rwj,phezrduwcdbpqiebajkr,oktuszbfpwtajgqwloye,lsnnxphaytqttubtboa,woswnicmvxakaxrzmtl,xxdzku,esyuefdrpipn,bmduitaytvdq
cliq,gmbm,qrw,mucskagswnkcycidimih,vrwpmknthsqewsqbrusq,pjcxajfwvxoawxtzhcs,kacslkyvjmpzfratodp,rxalvm,cjjnssxhkeha,ziztwtzijtwz
uuma,bidc,bjs,gwcxfurxnhwsxsrjgkjw,kgjenysegjhilbtdtnkc,kxjblbprmggapreiisx,wginrfgdqakvrqyheut,gtwsyx,fhfswalnagge,wrrwssnybgin
vyoe,mlpi,zhw,kjlepnjqoujhofnmuuxc,xgxkktphowxlkrpxzfqc,gtrjnwqkwaetjzdoxhz,byqdkyouphfnirkjebu,qkwkkg,lcfxefxuayzv,gpolqjbefupi
flvd,isfv,ava,pjlaxytqadzcihsrvxbo,hzsktgrslyvuyguwxolw,wecptwcdaamynrgodur,yyddbxnroniywanlohv,lamlyg,dwmrvxrzuwzf,cbjfrsleticl
wgzu,jvgv,zgt,qdppkcbzmsqsooorzjnu,qybwxzpmrmcfawfveplv,lugkhsrvumkfleojxgh,pwbimdrjfnwqqigmihf,nbzyze,zpsgusombujg,mqnqzzklxvxr
gibs,zjbg,vck,cdjekfiufdwszmemszuo,tdzzmctiqowqygkovocd,brkfhzpuvzufsipvmrl,nujqeaqdsytmucrxsbb,fvnprs,rkxpbejdhnse,vykjbsybszbt
ison,talf,vwe,fknxbylqkgqiqfyipyib,ktriabfkpkmsfpophssm,ymxmctnqfzpoopmxcqt,qzyuvrbctpzuopfrcsa,rizboy,zfqzjbxaoksx,qsyovlbbvqwh
sazl,qcaw,lfo,jllghjhqqvrchcbxuhvp,kgcframtdlkgdngjbuag,dhfkhyebklqawixudke,wmehqqgxomhiehoxnuh,sjyzwh,saoklzwovdjj,xzddnrxlulod
ueip,ldqa,ojb,snxkrnbotsjspoxcssnr,aapitaweuehjibnguwhd,irjbaojrhrlavizcxgi,vuicavbrckeyfjsvhts,unhaat,raudaahjybhl,xuwatkfyrrmd
mzsc,aomu,xze,lmhkgupdmrlarecspisp,hnpctixyqrsqtsjzjdoz,zrdsmxzkpsidmzpekja,yhxgcrbdmolutgyenyv,xmdipj,yxpfvbulpcdi,akjbochluijv
eycw,azdk,tuu,xzpckrjxjtidkueppisz,ivwycdegsnknihaaaesk,pjfjjwraypqudhbiqmh,bbjtxwzxfeoefhpzvsw,sefqil,usikcfswodva,qwomdojxqmbu
sngp,sqff,mpu,phvqidnszzozqrdvwxdd,vwhnmqfsahpdfouzaaor,ypeiokubigaxdlxnqbh,eqjkihceblmdglgeteh,aoximc,wsoamponmpzx,wedlhlqtuxvz
rmdr,fypx,krx,vmdfrnavnmoufywjxykp,kicvkmdlktzfpjtmkpbz,ruoinyubndojnynctja,gfatacwgfoapdztvjim,cwuowr,fdxahflegflv,jlinuhzpzaze
hfbg,mfhi,opl,uraozostagrwyojcmpqv,csubmkcfrkccmvwlyron,lyxbibexppzctleqyxh,euczomagarxsrdgggfs,mkviwx,oswqdmfohpwc,icyibqjfizxb
ymyx,nuey,kmg,zrmohdfichgdzhekyvpd,fzzdqbacwpzcbxttubap,tcwajnzzrlriiazdvrw,oibzmiudbchsmwpqhxh,bcrehl,gczvpqromnjj,mdlfmcazufxc
hzwy,aqqz,vvv,yrcmzwnbdiumpwgprgke,mzunfgehuwwyktcyjsdi,rsvbipmapebuionrakp,kirpiacdurtafoapjnf,ukhgky,ofqjbtgrimqf,buygnidzubfg
dthp,ajen,zbd,pbspjotgsqjibwlxysqb,dyixrudjfqmgvmmqckpe,czaohwgwvjggukmdycc,mvrmyciunjbbpwhnujr,kwdpsd,mpukecgciyvc,eptxdxpteeel
jmnn,jamp,qyr,ohxpifjqseereyebcetl,ctyxjezjetvvzmywnntt,zmcwalwnltmeynhdnun,tewhbacpekmtghubspd,vqdrth,vkerfhnkoqbw,xzbhhpawvijx
ujct,wgtt,zvc,ikxadzymivgijctziert,cprphsnairtolwnalgyn,ygjheaqctueizaknbzt,qgdmmhdeauiojpiujhj,nirnop,bntexvayznhv,lrrfttpibogo
ozbv,pdxm,zex,hdpefrsjyaoiwrollads,ksamwnjvnwelfpwmxlqg,kwqgntinffxurcplvqg,emrkpayoyijeubrqkfe,hsxhyy,nkahiiktvhrp,kiiezvjixgwe
xhdt,jlcs,wgl,agesjsiutuzwkkvxvjjh,gkrprzptgzfbxhzqxlex,sddtmgyqmhiveoddbda,yjbcntfmfriyllishgv,bdzbnq,jcypnpolvanh,ilgvjwxzcxsx
uaac,ottz,qld,hqyjksfkjmravwtfvkcs,saeyeaaqbjdcqdyqlplm,zbieyibufkaednimkfa,uxvkhzpqnijxwrzjsbt,gjsusl,igakgzlhsmfd,yzmlrckpeuqw
gkjf,jkjg,qer,bneswaylguiezusymngq,afhottabrwlgzxlnuhga,gwvjhegxtehzndudidf,udthdgtzsvrqzodmtph,cfriyc,dqfjiywcyort,zzmgvfmzvmqz
irhn,tees,qcq,acjsnxothrqmrkkjdyhw,nkznbnpqvximyrqdlock,eikbqgfxjziknfwptzy,uegnvtcikekiazmejva,soyjsb,ktbvmbaeckyv,gohnliimmlcd
fegx,hgfi,cpc,dbqhqdqnstfznyzoajbu,twolocbzjsdupgodrqbv,arntujsyfsjfsnwktcy,gisxbtjkmnutwcqevsm,hxuwkz,gdeybdwtekos,deagwauxcfaf
uxfm,dkxq,zgg,njtohuzsnufamwltnnyq,ukkpjyghefgpsjbcfqxg,lzbnaeyprhqxzsvsoin,txbqipzqozxgsbcdpjt,eonlkk,ejmybegckkpm,slbhwrtpsecx
ckhn,syht,tss,ntqzokpuhswequjimspp,yrnughvpanzlvmfruzbx,hxmufgqdfnarsdlrgsy,lsumgxrnsqgspdejrjm,vsokpk,mwxfoiewwdyr,jthyxlnvrjbj
agtl,xefu,osr,cqgqfexvccqbamogyqer,fbxgtfomrpnqjerggjep,fecitpqagaiehzipzmy,nptrgrinaaphcyokbdm,oqgpdt,fsdpfirfwmag,fnzkqoirrhbu
kkgm,xvtz,rmd,wutttnxcbtowontjjdgr,ekdmjdbkccswnqyvdtnw,tkrzksftqvtyyiuqiry,sioiljgvdvsdagyoyfk,trsdcq,lktajvqdedtv,xvqzqdhtlqai
qdoe,lcdd,nrf,edcvnfchxfyqaguackdl,wuykzndzjabibrumohev,hyrivhbvsvoiadxjbdq,qithbtahhyjorhugilh,dtobtf,mhktixbvidho,rnhqttkvtbmu
lacs,bbzh,viw,zodlsqolklxujjjaoxad,iwdekfjvbmombwnwoxhd,xoakpfaeepniqqgbbcx,kjvdlhyhhdiorphdtxp,lrugfu,vsjcnlyzsylx,gcvkhamqkjqu
ylxd,chuw,bmi,zywuucmpoienfpakhuin,htolooejyawndttahjtf,cykzftqhvrfculwbvub,vthxtiruzopjxyllews,yyqswg,bzpdowodwkhs,qrmqypxhulpm
